{
  "step": 5,
  "filters_used": "ROI > 10%, PoP > 66%, NO delta filter",
  "total_opportunities": 41,
  "delta_analysis": {
    "no_delta_filter": 41,
    "loose_delta_filter": 41,
    "strict_delta_filter": 41
  },
  "best_deals": [
    {
      "company": "NVDA",
      "short_strike": 187.5,
      "long_strike": 190.0,
      "days_to_expiration": 14,
      "credit_collected": 0.24,
      "max_risk": 2.26,
      "roi_percent": 10.619469026548673,
      "probability_of_profit": 87.93408066896811,
      "current_stock_price": 173.035,
      "avg_implied_volatility": 0.3518545845150005,
      "spread_delta": 0.036813852112153544,
      "spread_theta": -0.019377441881233776,
      "explanation": "Collect $0.24, 87.9% PoP if NVDA stays below $188",
      "delta_interpretation": "Neutral"
    },
    {
      "company": "TSLA",
      "short_strike": 327.5,
      "long_strike": 330.0,
      "days_to_expiration": 7,
      "credit_collected": 0.22999999999999998,
      "max_risk": 2.27,
      "roi_percent": 10.13215859030837,
      "probability_of_profit": 87.72863557040995,
      "current_stock_price": 302.86,
      "avg_implied_volatility": 0.494902593919942,
      "spread_delta": 0.020435334258558868,
      "spread_theta": -0.03257258316764239,
      "explanation": "Collect $0.23, 87.7% PoP if TSLA stays below $328",
      "delta_interpretation": "Neutral"
    },
    {
      "company": "NVDA",
      "short_strike": 190.0,
      "long_strike": 195.0,
      "days_to_expiration": 21,
      "credit_collected": 0.4600000000000001,
      "max_risk": 4.54,
      "roi_percent": 10.132158590308372,
      "probability_of_profit": 86.73423871994794,
      "current_stock_price": 173.035,
      "avg_implied_volatility": 0.352680148473408,
      "spread_delta": 0.05890669240803997,
      "spread_theta": -0.024849012016329337,
      "explanation": "Collect $0.46, 86.7% PoP if NVDA stays below $190",
      "delta_interpretation": "Neutral"
    },
    {
      "company": "TSLA",
      "short_strike": 345.0,
      "long_strike": 350.0,
      "days_to_expiration": 21,
      "credit_collected": 0.45999999999999996,
      "max_risk": 4.54,
      "roi_percent": 10.13215859030837,
      "probability_of_profit": 86.71199132074562,
      "current_stock_price": 302.86,
      "avg_implied_volatility": 0.5047032181754825,
      "spread_delta": 0.024918418368106543,
      "spread_theta": -0.0220307515131829,
      "explanation": "Collect $0.46, 86.7% PoP if TSLA stays below $345",
      "delta_interpretation": "Neutral"
    },
    {
      "company": "AMZN",
      "short_strike": 225.0,
      "long_strike": 227.5,
      "days_to_expiration": 7,
      "credit_collected": 0.25,
      "max_risk": 2.25,
      "roi_percent": 11.11111111111111,
      "probability_of_profit": 86.37081550330947,
      "current_stock_price": 213.935,
      "avg_implied_volatility": 0.33257271751505646,
      "spread_delta": 0.04329065772060414,
      "spread_theta": -0.033832801828235726,
      "explanation": "Collect $0.25, 86.4% PoP if AMZN stays below $225",
      "delta_interpretation": "Neutral"
    },
    {
      "company": "TSLA",
      "short_strike": 335.0,
      "long_strike": 337.5,
      "days_to_expiration": 14,
      "credit_collected": 0.26000000000000023,
      "max_risk": 2.2399999999999998,
      "roi_percent": 11.607142857142868,
      "probability_of_profit": 85.79831323294258,
      "current_stock_price": 302.86,
      "avg_implied_volatility": 0.493870578549104,
      "spread_delta": 0.016987360415455843,
      "spread_theta": -0.017364342473194766,
      "explanation": "Collect $0.26, 85.8% PoP if TSLA stays below $335",
      "delta_interpretation": "Neutral"
    },
    {
      "company": "NVDA",
      "short_strike": 182.5,
      "long_strike": 185.0,
      "days_to_expiration": 7,
      "credit_collected": 0.29,
      "max_risk": 2.21,
      "roi_percent": 13.122171945701359,
      "probability_of_profit": 85.58529441740194,
      "current_stock_price": 173.035,
      "avg_implied_volatility": 0.3642893430048,
      "spread_delta": 0.05661594832692801,
      "spread_theta": -0.04193931401268963,
      "explanation": "Collect $0.29, 85.6% PoP if NVDA stays below $182",
      "delta_interpretation": "Neutral"
    },
    {
      "company": "TSLA",
      "short_strike": 325.0,
      "long_strike": 327.5,
      "days_to_expiration": 7,
      "credit_collected": 0.28,
      "max_risk": 2.2199999999999998,
      "roi_percent": 12.612612612612613,
      "probability_of_profit": 85.50887427141363,
      "current_stock_price": 302.86,
      "avg_implied_volatility": 0.490509574524359,
      "spread_delta": 0.023961654335953708,
      "spread_theta": -0.03506351635643745,
      "explanation": "Collect $0.28, 85.5% PoP if TSLA stays below $325",
      "delta_interpretation": "Neutral"
    },
    {
      "company": "AMZN",
      "short_strike": 227.5,
      "long_strike": 230.0,
      "days_to_expiration": 14,
      "credit_collected": 0.2899999999999999,
      "max_risk": 2.21,
      "roi_percent": 13.122171945701355,
      "probability_of_profit": 84.35646060661672,
      "current_stock_price": 213.935,
      "avg_implied_volatility": 0.31070519594339996,
      "spread_delta": 0.038702903174526126,
      "spread_theta": -0.018399356990121143,
      "explanation": "Collect $0.29, 84.4% PoP if AMZN stays below $228",
      "delta_interpretation": "Neutral"
    },
    {
      "company": "TSLA",
      "short_strike": 340.0,
      "long_strike": 345.0,
      "days_to_expiration": 21,
      "credit_collected": 0.5900000000000003,
      "max_risk": 4.41,
      "roi_percent": 13.378684807256242,
      "probability_of_profit": 84.09449012367871,
      "current_stock_price": 302.86,
      "avg_implied_volatility": 0.5012178768027045,
      "spread_delta": 0.029816036209091012,
      "spread_theta": -0.024264752031253833,
      "explanation": "Collect $0.59, 84.1% PoP if TSLA stays below $340",
      "delta_interpretation": "Neutral"
    },
    {
      "company": "TSLA",
      "short_strike": 332.5,
      "long_strike": 335.0,
      "days_to_expiration": 14,
      "credit_collected": 0.3200000000000003,
      "max_risk": 2.1799999999999997,
      "roi_percent": 14.678899082568822,
      "probability_of_profit": 84.0803447284797,
      "current_stock_price": 302.86,
      "avg_implied_volatility": 0.49172905028596803,
      "spread_delta": 0.019010106275649086,
      "spread_theta": -0.018414912972978648,
      "explanation": "Collect $0.32, 84.1% PoP if TSLA stays below $332",
      "delta_interpretation": "Neutral"
    },
    {
      "company": "AMZN",
      "short_strike": 230.0,
      "long_strike": 235.0,
      "days_to_expiration": 21,
      "credit_collected": 0.5299999999999999,
      "max_risk": 4.47,
      "roi_percent": 11.856823266219237,
      "probability_of_profit": 83.75040744364,
      "current_stock_price": 213.935,
      "avg_implied_volatility": 0.3059168852811735,
      "spread_delta": 0.06140926971769306,
      "spread_theta": -0.023969727428786378,
      "explanation": "Collect $0.53, 83.8% PoP if AMZN stays below $230",
      "delta_interpretation": "Neutral"
    },
    {
      "company": "NVDA",
      "short_strike": 185.0,
      "long_strike": 187.5,
      "days_to_expiration": 14,
      "credit_collected": 0.3599999999999999,
      "max_risk": 2.14,
      "roi_percent": 16.822429906542048,
      "probability_of_profit": 83.53077077672292,
      "current_stock_price": 173.035,
      "avg_implied_volatility": 0.35245721084924053,
      "spread_delta": 0.04837427883928974,
      "spread_theta": -0.022338286380442968,
      "explanation": "Collect $0.36, 83.5% PoP if NVDA stays below $185",
      "delta_interpretation": "Neutral"
    },
    {
      "company": "TSLA",
      "short_strike": 322.5,
      "long_strike": 325.0,
      "days_to_expiration": 7,
      "credit_collected": 0.34999999999999987,
      "max_risk": 2.1500000000000004,
      "roi_percent": 16.27906976744185,