{
  "step": 5,
  "filters_used": "ROI > 10%, PoP > 66%, NO delta filter",
  "total_opportunities": 38,
  "delta_analysis": {
    "no_delta_filter": 38,
    "loose_delta_filter": 38,
    "strict_delta_filter": 38
  },
  "best_deals": [
    {
      "company": "NVDA",
      "short_strike": 187.5,
      "long_strike": 190.0,
      "days_to_expiration": 14,
      "credit_collected": 0.25,
      "max_risk": 2.25,
      "roi_percent": 11.11111111111111,
      "probability_of_profit": 87.59385237678451,
      "current_stock_price": 173.355,
      "avg_implied_volatility": 0.34860431022488747,
      "spread_delta": 0.03843396762008594,
      "spread_theta": -0.020044449546516657,
      "explanation": "Collect $0.25, 87.6% PoP if NVDA stays below $188",
      "delta_interpretation": "Neutral"
    },
    {
      "company": "NVDA",
      "short_strike": 190.0,
      "long_strike": 195.0,
      "days_to_expiration": 21,
      "credit_collected": 0.4700000000000001,
      "max_risk": 4.53,
      "roi_percent": 10.375275938189848,
      "probability_of_profit": 86.4498631204293,
      "current_stock_price": 173.355,
      "avg_implied_volatility": 0.349668227243411,
      "spread_delta": 0.060321135307188745,
      "spread_theta": -0.025084882694402177,
      "explanation": "Collect $0.47, 86.4% PoP if NVDA stays below $190",
      "delta_interpretation": "Neutral"
    },
    {
      "company": "TSLA",
      "short_strike": 325.0,
      "long_strike": 327.5,
      "days_to_expiration": 7,
      "credit_collected": 0.25,
      "max_risk": 2.25,
      "roi_percent": 11.11111111111111,
      "probability_of_profit": 86.34124649856057,
      "current_stock_price": 302.115,
      "avg_implied_volatility": 0.49002696170162197,
      "spread_delta": 0.02291108503082656,
      "spread_theta": -0.03455864057012997,
      "explanation": "Collect $0.25, 86.3% PoP if TSLA stays below $325",
      "delta_interpretation": "Neutral"
    },
    {
      "company": "TSLA",
      "short_strike": 335.0,
      "long_strike": 337.5,
      "days_to_expiration": 14,
      "credit_collected": 0.25,
      "max_risk": 2.25,
      "roi_percent": 11.11111111111111,
      "probability_of_profit": 86.28005923476168,
      "current_stock_price": 302.115,
      "avg_implied_volatility": 0.49574315116380097,
      "spread_delta": 0.016369080579161477,
      "spread_theta": -0.01694749859894698,
      "explanation": "Collect $0.25, 86.3% PoP if TSLA stays below $335",
      "delta_interpretation": "Neutral"
    },
    {
      "company": "AMZN",
      "short_strike": 225.0,
      "long_strike": 227.5,
      "days_to_expiration": 7,
      "credit_collected": 0.24,
      "max_risk": 2.26,
      "roi_percent": 10.619469026548673,
      "probability_of_profit": 85.29664199104721,
      "current_stock_price": 214.735,
      "avg_implied_volatility": 0.321591010658813,
      "spread_delta": 0.04830430912651967,
      "spread_theta": -0.03602711809773071,
      "explanation": "Collect $0.24, 85.3% PoP if AMZN stays below $225",
      "delta_interpretation": "Neutral"
    },
    {
      "company": "NVDA",
      "short_strike": 182.5,
      "long_strike": 185.0,
      "days_to_expiration": 7,
      "credit_collected": 0.3,
      "max_risk": 2.2,
      "roi_percent": 13.636363636363635,
      "probability_of_profit": 84.77076378050836,
      "current_stock_price": 173.355,
      "avg_implied_volatility": 0.3637654661632015,
      "spread_delta": 0.06012716270785545,
      "spread_theta": -0.04389768215330868,
      "explanation": "Collect $0.30, 84.8% PoP if NVDA stays below $182",
      "delta_interpretation": "Neutral"
    },
    {
      "company": "TSLA",
      "short_strike": 332.5,
      "long_strike": 335.0,
      "days_to_expiration": 14,
      "credit_collected": 0.29000000000000004,
      "max_risk": 2.21,
      "roi_percent": 13.122171945701359,
      "probability_of_profit": 84.6127888030816,
      "current_stock_price": 302.115,
      "avg_implied_volatility": 0.4935251243395965,
      "spread_delta": 0.018619429779204555,
      "spread_theta": -0.018563713252004954,
      "explanation": "Collect $0.29, 84.6% PoP if TSLA stays below $332",
      "delta_interpretation": "Neutral"
    },
    {
      "company": "TSLA",
      "short_strike": 340.0,
      "long_strike": 345.0,
      "days_to_expiration": 21,
      "credit_collected": 0.5499999999999998,
      "max_risk": 4.45,
      "roi_percent": 12.359550561797748,
      "probability_of_profit": 84.59746599760929,
      "current_stock_price": 302.115,
      "avg_implied_volatility": 0.500947060846615,
      "spread_delta": 0.028992932008136574,
      "spread_theta": -0.023865239668842297,
      "explanation": "Collect $0.55, 84.6% PoP if TSLA stays below $340",
      "delta_interpretation": "Neutral"
    },
    {
      "company": "TSLA",
      "short_strike": 322.5,
      "long_strike": 325.0,
      "days_to_expiration": 7,
      "credit_collected": 0.31000000000000005,
      "max_risk": 2.19,
      "roi_percent": 14.155251141552514,
      "probability_of_profit": 83.85542612486634,
      "current_stock_price": 302.115,
      "avg_implied_volatility": 0.48654433864638447,
      "spread_delta": 0.026792953301879696,
      "spread_theta": -0.036996250732519,
      "explanation": "Collect $0.31, 83.9% PoP if TSLA stays below $322",
      "delta_interpretation": "Neutral"
    },
    {
      "company": "AMZN",
      "short_strike": 227.5,
      "long_strike": 230.0,
      "days_to_expiration": 14,
      "credit_collected": 0.2799999999999999,
      "max_risk": 2.22,
      "roi_percent": 12.612612612612608,
      "probability_of_profit": 83.51000836278011,
      "current_stock_price": 214.735,
      "avg_implied_volatility": 0.3016550655334495,
      "spread_delta": 0.041308203595499415,
      "spread_theta": -0.01865222455682651,
      "explanation": "Collect $0.28, 83.5% PoP if AMZN stays below $228",
      "delta_interpretation": "Neutral"
    },
    {
      "company": "AMZN",
      "short_strike": 230.0,
      "long_strike": 235.0,
      "days_to_expiration": 21,
      "credit_collected": 0.5399999999999999,
      "max_risk": 4.46,
      "roi_percent": 12.107623318385649,
      "probability_of_profit": 83.09453551911585,
      "current_stock_price": 214.735,
      "avg_implied_volatility": 0.29744542475783353,
      "spread_delta": 0.0649614254241409,
      "spread_theta": -0.024442820332595372,
      "explanation": "Collect $0.54, 83.1% PoP if AMZN stays below $230",
      "delta_interpretation": "Neutral"
    },
    {
      "company": "NVDA",
      "short_strike": 185.0,
      "long_strike": 187.5,
      "days_to_expiration": 14,
      "credit_collected": 0.3599999999999999,
      "max_risk": 2.14,
      "roi_percent": 16.822429906542048,
      "probability_of_profit": 83.02698471567997,
      "current_stock_price": 173.355,
      "avg_implied_volatility": 0.3498154048909635,
      "spread_delta": 0.04991115307324351,
      "spread_theta": -0.022637523743439192,
      "explanation": "Collect $0.36, 83.0% PoP if NVDA stays below $185",
      "delta_interpretation": "Neutral"
    },
    {
      "company": "TSLA",
      "short_strike": 330.0,
      "long_strike": 332.5,
      "days_to_expiration": 14,
      "credit_collected": 0.33000000000000007,
      "max_risk": 2.17,
      "roi_percent": 15.207373271889404,
      "probability_of_profit": 82.75208313461144,
      "current_stock_price": 302.115,
      "avg_implied_volatility": 0.492052328274701,
      "spread_delta": 0.020337596045839013,
      "spread_theta": -0.01875716342788941,
      "explanation": "Collect $0.33, 82.8% PoP if TSLA stays below $330",
      "delta_interpretation": "Neutral"
    },
    {
      "company": "TSLA",
      "short_strike": 335.0,
      "long_strike": 340.0,
      "days_to_expiration": 21,
      "credit_collected": 0.6499999999999999,
      "max_risk": 4.35,
      "roi_percent": 14.942528735632182,
      "probability_of_profit": 81.61439315430891,